{
  "Hen 2-333": {
    "maxDistanceLy": 750,
    "x": -840.65625,
    "y": -561.15625,
    "z": 13361.8125
  },
  "Gamma Velorum": {
    "maxDistanceLy": 750,
    "x": 1099.21875,
    "y": -146.6875,
    "z": -133.59375
  },
  "Skaudai AA-A h71": {
    "maxDistanceLy": 100,
    "x": -5493.09375,
    "y": -589.28125,
    "z": 10424.4375
  },
  "Blaa Hypai AA-A h68": {
    "maxDistanceLy": 100,
    "x": 1220.40625,
    "y": -694.625,
    "z": 12312.8125
  },
  "Eorl Auwsy AA-A h72": {
    "maxDistanceLy": 100,
    "x": 4949.9375,
    "y": 164,
    "z": 20640.125
  },
  "Prai Hypoo AA-A h60": {
    "maxDistanceLy": 100,
    "x": -9294.875,
    "y": -458.40625,
    "z": 7905.71875
  },
  "Eta Carina Nebula": {
    "maxDistanceLy": 100,
    "x": 8579.96875,
    "y": -138.96875,
    "z": 2701.375
  },
  "NGC 3199": {
    "maxDistanceLy": 100,
    "x": 14574.15625,
    "y": -259.625,
    "z": 3511.90625
  }
}